,company_name,company_website,company_employees,company_industry,company_founded
0,Proteus Digital Health Careers,www.proteus.com,201 to 500 employees,Pharmaceuticals,2004
1,Zelis Careers,www.zelis.com,"1,001 to 5,000 employees",Information Technology & Services,2016
2,UpNest Careers,www.upnest.com,1 to 50 employees,Real Estate,2013
3,conferacity Careers,conferacity.com,1 to 50 employees,Broadcast & Online Media,2013
4,Zenoti Careers,www.zenoti.com,"501 to 1,000 employees",Computer Software,2010
5,LeaseLock Careers,leaselock.com,51 to 200 employees,Insurance,2016
6,Kespry Careers,www.kespry.com,51 to 200 employees,Computer Software,2013
7,NewsCred Careers,www.newscred.com,201 to 500 employees,Marketing & Advertising,2008
8,Brane Enterprises Careers,nslhub.com,201 to 500 employees,Information Technology & Services,2017
9,Markel Careers,www.markel.com,"1,001 to 5,000 employees",Insurance,1930
10,ESO Fund Careers,www.esofund.com,1 to 50 employees,Venture Capital & Private Equity,2012
11,Indigo Ag Careers,www.indigoag.com,"501 to 1,000 employees",Food & Beverages,2013
12,"MSIG Holdings (Americas), Inc. Careers",www.msigusa.com,201 to 500 employees,Insurance,1988
13,MindGeek Careers,mindgeek.com,"1,001 to 5,000 employees",Internet,2004
14,ForeScout Technologies Careers,www.crunchbase.com/#/entity,"1,001 to 5,000 employees",Computer & Network Security,2000
15,Marketplace Careers,www.marketplace.org,51 to 200 employees,Broadcast & Online Media,1989
16,SanDisk Careers,www.sandisk.com,"5,001 to 10,000 employees",Semiconductors,1988
17,Wag Careers,www.wagwalking.com,51 to 200 employees,Consumer Goods,2014
18,Maisonette Careers,www.maisonette.com,51 to 200 employees,"Apparel, Fashion & Luxury",2017
19,Fox Thermal Careers,www.foxthermal.com,1 to 50 employees,Industrial Automation,1994
20,Optimity Advisors Careers,www.optimityadvisors.com,201 to 500 employees,Management Consulting,2009
21,potenit Careers,potenit.com,1 to 50 employees,Information Technology & Services,2010
22,Plexus Careers,www.plexus.com,"10,000+ employees",Computer Hardware,1979
23,CureMatch Careers,www.curematch.com,1 to 50 employees,Biotechnology,2015
24,intertrend communications Careers,www.intertrend.com,51 to 200 employees,Marketing & Advertising,1991
25,Emotive Careers,emotive.io,51 to 200 employees,Computer Software,2018
26,JOOR Careers,www.joor.com,51 to 200 employees,Internet,2010
27,BLEND360 Careers,www.blend360.com,201 to 500 employees,Marketing & Advertising,2016
28,AT&T Careers,www.att.com,"10,000+ employees",Telecommunications,1983
29,NVISIA Careers,www.nvisia.com,51 to 200 employees,Computer Software,1993
30,mastery Careers,mastery.net,51 to 200 employees,Computer Software,2019
31,Levi Strauss & Co. Careers,www.levi.com,"10,000+ employees","Apparel, Fashion & Luxury",1853
32,X-Team Careers,x-team.com,201 to 500 employees,Internet,2004
33,RSE Careers,www.rs-e.com,51 to 200 employees,Marketing & Advertising,1960
34,Holland & Knight Careers,www.hklaw.com,"1,001 to 5,000 employees",Legal Services,1968
35,Mystery Science Careers,www.mystery.org,1 to 50 employees,E-learning,2011
36,Rxadvance Corp Careers,www.rxadvance.com,51 to 200 employees,Information Technology & Services,2013
37,ArcelorMittal Careers,corporate.arcelormittal.com,"10,000+ employees",Materials & Manufacturing,2006
38,Webflow Careers,www.webflow.com,51 to 200 employees,Computer Software,2012
39,NAPCO Careers,napcosecurity.com,"501 to 1,000 employees",Electrical & Electronic Manufacturing,1969
40,TreeHouse Foods Careers,www.treehousefoods.com,"10,000+ employees",Food & Beverages,2005
41,Amadeus Careers,www.amadeus.com,"10,000+ employees",Information Technology & Services,1987
42,Critical Start Careers,www.criticalstart.com,201 to 500 employees,Information Technology & Services,2012
43,Korn Ferry Careers,www.kornferry.com,"5,001 to 10,000 employees",Management Consulting,1969
44,L&T Technology Services Careers,www.ltts.com,"10,000+ employees",Information Technology & Services,2009
45,mParticle Careers,www.mparticle.com,51 to 200 employees,Internet,2012
46,BrightEdge Careers,www.brightedge.com,201 to 500 employees,Computer Software,2007
47,JS Products Careers,www.jsproducts.com,51 to 200 employees,Wholesale,1986
48,WorkFusion Careers,www.workfusion.com,201 to 500 employees,Computer Software,2010
49,Marathon Petroleum Careers,www.marathonpetroleum.com,"10,000+ employees",Oil & Energy,1887
50,Pearson Careers,www.pearson.com,"10,000+ employees",Broadcast & Online Media,1844
51,International Paper Careers,www.internationalpaper.com,"10,000+ employees",Materials & Manufacturing,1898
52,IntelliScience Careers,www.intelliscience.com,1 to 50 employees,Computer Software,2006
53,Klaviyo Careers,www.klaviyo.com,201 to 500 employees,Internet,2012
54,Narwal Careers,www.narwalinc.com,51 to 200 employees,Information Technology & Services,2017
55,Expanded Impact Careers,www.expandedimpact.com,1 to 50 employees,Human Resources,2019
56,Carta Careers,www.carta.com,"501 to 1,000 employees",Computer Software,2012
57,Embark Trucks Careers,embarktrucks.com,51 to 200 employees,"Transportation, Trucking & Rail",2016
58,Spreedly Careers,spreedly.com,51 to 200 employees,Information Technology & Services,2008
59,Key Lime Interactive Careers,www.keylimeinteractive.com,1 to 50 employees,Information Technology & Services,2009
60,Sonos Careers,www.sonos.com,"1,001 to 5,000 employees",Computer Hardware,2002
61,Aflac Careers,www.aflac.com,"10,000+ employees",Insurance,1955
62,Transfix Careers,transfix.io,51 to 200 employees,Logistics & Supply Chain,2013
63,Clarity Insights Careers,www.accenture.com,201 to 500 employees,Information Technology & Services,2008
64,Ahmadiyya Muslim Community Careers,ahmadiyya.ca,"10,000+ employees",Religious Institutions,1908
65,Holman Parts Distribution Careers,holmanparts.com,"501 to 1,000 employees",Automotive,1946
66,Ball Corporation Careers,www.ball.com,"10,000+ employees",Materials & Manufacturing,1880
67,Alliance Inspection Management Careers,homepage.aiminspections.com,"1,001 to 5,000 employees",Automotive,2005
68,Medix Careers,www.medixteam.com,201 to 500 employees,Staffing & Recruiting,2001
69,Xilinx Careers,www.xilinx.com,"1,001 to 5,000 employees",Semiconductors,1984
70,Fiserv Careers,www.fiserv.com,"10,000+ employees",Information Technology & Services,1984
71,RWDI Careers,www.rwdi.com,201 to 500 employees,Civil Engineering,1972
72,Instabase Careers,www.instabase.com,1 to 50 employees,Computer Software,2015
73,Joveo Careers,www.joveo.com,51 to 200 employees,Computer Software,2017
74,Workday Careers,www.workday.com,"10,000+ employees",Computer Software,2005
75,NS1 Careers,ns1.com,51 to 200 employees,Internet,2013
76,Helpshift Careers,www.helpshift.com,51 to 200 employees,Internet,2011
77,syntax Careers,www.syntax.com,"1,001 to 5,000 employees",Information Technology & Services,1972
78,TPG Careers,www.tpg.com,"501 to 1,000 employees",Investment Management,1992
79,AXA Equitable Life Careers,axa-equitable.com,"10,000+ employees",Insurance,1859
80,Heali Careers,heali.ai,1 to 50 employees,"Health, Wellness & Fitness",2018
81,Total Wine & More Careers,www.totalwine.com,"5,001 to 10,000 employees",Retail,1991
82,Hylink Digital Solutions Careers,www.hylinkgroup.com,"1,001 to 5,000 employees",Marketing & Advertising,1994
83,Advyzon Careers,www.advyzon.com,1 to 50 employees,Financial Services,2012
84,Workfront Careers,www.workfront.com,"1,001 to 5,000 employees",Computer Software,2001
85,WineDirect Careers,www.winedirect.com,51 to 200 employees,Food & Beverages,2002
86,ThousandEyes Careers,www.thousandeyes.com,201 to 500 employees,Internet,2010
87,Vectra AI Careers,www.crunchbase.com,201 to 500 employees,Computer & Network Security,2010
88,Kingland Systems Careers,www.kingland.com,51 to 200 employees,Information Technology & Services,1992
89,WideOrbit Careers,www.wideorbit.com,"501 to 1,000 employees",Computer Software,1999
90,Sila Careers,www.sila.com,"501 to 1,000 employees",Financial Services,1989
91,Schaeffler Careers,www.schaeffler.com,"10,000+ employees",Mechanical & Industrial Engineering,1946
92,Securonix Careers,www.securonix.com,201 to 500 employees,Information Technology & Services,2007
93,Natixis Careers,www.natixis.com,"10,000+ employees",Financial Services,2006
94,Freudenberg Group Careers,www.freudenberg.com,"10,000+ employees",Automotive,1849
95,Much Careers,www.muchlaw.com,51 to 200 employees,Legal Services,1970
96,OPS Careers,www.opstrax.com,51 to 200 employees,Logistics & Supply Chain,1996
97,Voicy.AI Careers,www.voicy.ai,1 to 50 employees,Computer Software,2015
98,128 Technology Careers,www.128technology.com,51 to 200 employees,Information Technology & Services,2014
99,Vacasa Careers,www.vacasa.com,"1,001 to 5,000 employees","Leisure, Travel & Tourism",2009
100,Quip Careers,quip.com,51 to 200 employees,Computer Software,2012
101,SolarCity Careers,www.solarcity.com,"10,000+ employees",Environmental Services,2006
102,Tech Mahindra Careers,www.techmahindra.com,"10,000+ employees",Information Technology & Services,1986
103,Airlines Reporting Corp. Careers,www.arccorp.com,201 to 500 employees,Information Technology & Services,1984
104,The Organic Recruiter Careers,www.theorganicrecruiter.com,1 to 50 employees,Staffing & Recruiting,2016
105,Tomorrowish Careers,www.tomorrowish.com,1 to 50 employees,Internet,None
106,Upgrade Careers,upgrade.com,201 to 500 employees,Financial Services,2016
107,SAC Wireless Careers,www.sacw.com,"1,001 to 5,000 employees",Telecommunications,1996
108,Tucows Careers,www.tucows.com,"501 to 1,000 employees",Information Technology & Services,1993
109,Sixth Man Careers,www.sixthman.net,1 to 50 employees,Computer Software,2001
110,Hawthorn Careers,www.pnc.com,"10,000+ employees",Financial Services,1845
111,OpenGov Inc. Careers,opengov.com,51 to 200 employees,Internet,2012
112,ITC Limited Careers,www.itcportal.com,"10,000+ employees",Consumer Goods,1910
113,SmartStudy Careers,www.smartstudy.co.kr,201 to 500 employees,Entertainment,2010
114,Masterclass Careers,www.masterclass.com,201 to 500 employees,E-learning,2012
115,ACS Solutions Careers,www.acsicorp.com,"10,000+ employees",Information Technology & Services,1998
116,zuumers Careers,www.zuumers.com,1 to 50 employees,Consumer Electronics,2017
117,DocuSign Careers,www.docusign.com,"1,001 to 5,000 employees",Computer Software,2003
118,King Street Capital Management Careers,www.kingstreet.com,201 to 500 employees,Investment Management,1995
119,Inknown Careers,www.inknown.com,1 to 50 employees,Internet,2018
120,Blackhawk Network Careers,www.blackhawknetwork.com,"1,001 to 5,000 employees",Financial Services,2001
121,Northrop Grumman Federal Credit Union Careers,www.ngfcu.us,51 to 200 employees,Banking,1946
122,Syapse Careers,www.syapse.com,51 to 200 employees,Information Technology & Services,2008
123,Bigbelly Careers,www.bigbelly.com,51 to 200 employees,Environmental Services,2003
124,Track Revenue Careers,www.trackrevenue.com,1 to 50 employees,Information Technology & Services,2015
125,Bloomberg Industry Group Careers,www.bloombergindustry.com,"1,001 to 5,000 employees",Information Services,1929
126,Neato Robotics Careers,neatorobotics.com,51 to 200 employees,Consumer Electronics,2005
127,Bold Commerce Careers,boldcommerce.com,201 to 500 employees,Information Technology & Services,2012
128,Keysight Technologies Careers,www.keysight.com,"10,000+ employees",Computer Hardware,2014
129,Viziworx Creative Careers,www.viziworx.com,1 to 50 employees,Marketing & Advertising,2007
130,Credibility Capital Careers,www.credibilitycapital.com,1 to 50 employees,Financial Services,2013
131,Melio Careers,www.meliopayments.com,51 to 200 employees,Financial Services,2018
132,NRC Health Careers,www.nrchealth.com,201 to 500 employees,Hospital & Health Care,1981
133,Qontigo Careers,www.qontigo.com,"501 to 1,000 employees",Financial Services,1997
134,CipherHealth Careers,cipherhealth.com,51 to 200 employees,Hospital & Health Care,2009
135,Oriental Trading Company Careers,www.orientaltrading.com,"1,001 to 5,000 employees",Retail,1932
136,HHAeXchange Careers,www.hhaexchange.com,201 to 500 employees,Computer Software,2008
137,Postscript Careers,postscript.io,51 to 200 employees,Internet,2018
138,Leap Careers,leapcommerce.com,51 to 200 employees,Internet,2021
139,McAfee Careers,www.mcafee.com,"5,001 to 10,000 employees",Computer & Network Security,1987
140,Mouser Electronics Careers,www.mouser.com,"1,001 to 5,000 employees",Electrical & Electronic Manufacturing,1964
141,Logic20/20 Careers,www.logic2020.com,201 to 500 employees,Management Consulting,2005
142,LP3 Careers,www.lp3.com,51 to 200 employees,Computer & Network Security,2004
143,Elementum Careers,www.elementum.com,201 to 500 employees,Computer Software,2013
144,Ant Financial Careers,www.antfinancialservices.com.au,1 to 50 employees,Internet,2014
145,FPT Software Careers,www.fpt-software.com,"10,000+ employees",Information Technology & Services,1999
146,mediaset Careers,www.mediaset.it,201 to 500 employees,Broadcast & Online Media,1993
147,Lithium Technologies Careers,www.lithium.com,201 to 500 employees,Computer Software,2001
148,Healthgrades Careers,www.healthgrades.com,"501 to 1,000 employees",Hospital & Health Care,1998
149,Kinesso Careers,www.kinesso.com,"1,001 to 5,000 employees",Marketing & Advertising,2009
150,Prolific Interactive Careers,www.prolificinteractive.com,51 to 200 employees,Marketing & Advertising,2009
151,"Edison Energy, LLC Careers",www.edisonenergy.com,51 to 200 employees,Environmental Services,2013
152,Kirkland & Ellis LLP Careers,www.kirkland.com,"1,001 to 5,000 employees",Legal Services,1909
153,Serverless Inc. Careers,www.serverless.com,1 to 50 employees,Computer Software,2016
154,Wise Ltd. Careers,wise.com,"1,001 to 5,000 employees",Financial Services,2011
155,Sun Life Financial Careers,www.sunlife.com,"10,000+ employees",Financial Services,1865
156,Fundbox Careers,fundbox.com,51 to 200 employees,Information Technology & Services,2013
157,Greenhill & Co. Careers,www.greenhill.com,201 to 500 employees,Investment Banking,1999
158,SoftFinity Careers,www.softfinity.com,1 to 50 employees,Computer Software,1999
159,Voyager Careers,www.investvoyager.com,1 to 50 employees,Financial Services,2017
160,DNSFilter Careers,www.dnsfilter.com,1 to 50 employees,Internet,2015
161,LeetCode Careers,www.leetcode.com,1 to 50 employees,Information Technology & Services,2015
162,R1 RCM Careers,www.r1rcm.com,"10,000+ employees",Hospital & Health Care,2003
163,NEX Careers,www.nex.com,"1,001 to 5,000 employees",Financial Services,2016
164,ICBC Careers,www.icbc.com,"1,001 to 5,000 employees",Financial Services,1973
165,Foot Locker Careers,www.footlocker.com,"10,000+ employees",Retail,1974
166,class central Careers,www.classcentral.com,1 to 50 employees,E-learning,2011
167,Paddy Power Betfair Careers,www.paddypowerbetfair.jobs,"5,001 to 10,000 employees",Entertainment,2016
168,Coty Careers,www.coty.com,"10,000+ employees",Cosmetics,1904
169,Dtex Systems Careers,www.dtexsystems.com,51 to 200 employees,Computer Software,2002
170,HARVEST POINT MINISTRIES Careers,harvestpointministries.org,1 to 50 employees,Religious Institutions,2008
171,WEX Careers,www.wexinc.com,"1,001 to 5,000 employees",Financial Services,1983
172,CNA Insurance Careers,www.cna.com,"5,001 to 10,000 employees",Insurance,1897
173,BlinkUX Careers,blinkux.com,51 to 200 employees,Design,2000
174,Alloy Careers,alloy.co,1 to 50 employees,Computer Software,2015
175,Podium Careers,www.podium.com,"501 to 1,000 employees",Computer Software,2014
176,FormFactor Careers,www.formfactor.com,"1,001 to 5,000 employees",Semiconductors,1993
177,ADVA Careers,www.adva.com,"1,001 to 5,000 employees",Telecommunications,1994
178,Cornerstone Careers,www.cornerstoneondemand.com,"1,001 to 5,000 employees",Computer Software,1999
179,ASAPP Careers,www.asapp.com,201 to 500 employees,Computer Software,2014
180,Pike13 Careers,www.pike13.com,1 to 50 employees,Computer Software,2011
181,ServiceMaster Careers,www.servicemaster.com,"10,000+ employees",Consumer Services,1929
182,Kyruus Careers,www.kyruus.com,201 to 500 employees,Hospital & Health Care,2010
183,Logitech Careers,www.logitech.com,"1,001 to 5,000 employees",Computer Hardware,1981
184,Ring Careers,www.ring.com,"1,001 to 5,000 employees",Telecommunications,2013
185,Transamerica Careers,www.transamerica.com,"5,001 to 10,000 employees",Financial Services,1904
186,plantx Careers,www.plantx.com,1 to 50 employees,Internet,2019
187,National Instruments Careers,www.ni.com,"5,001 to 10,000 employees",Computer Hardware,1976
188,Integrated Device Technology Careers,www.idt.com,"1,001 to 5,000 employees",Semiconductors,1980
189,FAR Careers,www.farsecurity.com,1 to 50 employees,Computer & Network Security,2017
190,BitTiger Careers,bittiger.io,1 to 50 employees,E-learning,2015
191,Philips International Careers,www.pihc.com,201 to 500 employees,Real Estate,1979
192,Landis+Gyr Careers,www.landisgyr.com,"5,001 to 10,000 employees",Computer Networking,1896
193,Area51 Careers,www.area51cloud.co,1 to 50 employees,Information Technology & Services,2019
194,Reliance Industries Careers,www.ril.com,"10,000+ employees",Oil & Energy,1973
195,Ten-X Careers,www.ten-x.com,"501 to 1,000 employees",Financial Services,2009
196,Calico Careers,www.calicolabs.com,1 to 50 employees,Hospital & Health Care,2013
197,RoundPoint Careers,www.roundpointmortgage.com,"501 to 1,000 employees",Financial Services,2007
198,New Coast Ventures Careers,www.newcoastventures.com,1 to 50 employees,Computer Software,2014
199,Gento Careers,www.gento.io,1 to 50 employees,Hospital & Health Care,2016
200,AVL Careers,www.avl.com,"5,001 to 10,000 employees",Automotive,1948
201,Nuance Communications Careers,www.nuance.com,"10,000+ employees",Computer Software,1992
202,nususc Careers,www.nususc.com,"501 to 1,000 employees",Education Management,2001
203,August Home Careers,www.august.com,51 to 200 employees,Consumer Electronics,2012
204,Conviva Careers,www.conviva.com,201 to 500 employees,Internet,2006
205,UMR Careers,www.umr.com,1 to 50 employees,Hospital & Health Care,2010
206,Curriculum Associates Careers,www.curriculumassociates.com,"1,001 to 5,000 employees",Newspapers & Publishing,1976
207,Algolux Careers,www.algolux.com,51 to 200 employees,Computer Software,2014
208,CloudAcademy Careers,cloudacademy.com,51 to 200 employees,Information Technology & Services,2013
209,SmartPak Equine LLC Careers,www.smartpakequine.com,"501 to 1,000 employees",Retail,1999
210,MyFitnessPal Careers,www.myfitnesspal.com,51 to 200 employees,Internet,2005
211,SCE Careers,www.sce.com,"10,000+ employees",Utilities,1886
212,Ally Financial Careers,www.ally.com,"5,001 to 10,000 employees",Financial Services,1919
213,Autonomous Healthcare Careers,www.autonomoushealthcare.com,1 to 50 employees,Medical Device,2013
214,Broadridge Careers,www.broadridge.com,"10,000+ employees",Financial Services,2007
215,Mothership Careers,www.mothership.com,51 to 200 employees,Logistics & Supply Chain,2017
216,scrumconnect Careers,www.scrumconnect.com,51 to 200 employees,Computer Software,2011
217,Texas Education Agency Careers,www.tea.texas.gov,"501 to 1,000 employees",Government Administration,1840
218,STATE Careers,www.statedesign.tv,1 to 50 employees,Higher Education,2014
219,BBC Careers,www.bbc.co.uk,"10,000+ employees",Broadcast & Online Media,1922
220,VeriSign Careers,www.verisign.com,"501 to 1,000 employees",Internet,1995
221,ZUME Pizza Careers,zumepizza.com,51 to 200 employees,Food & Beverages,2018
222,NERA Economic Consulting Careers,www.nera.com,"501 to 1,000 employees",Management Consulting,1961
223,Webby Central Careers,www.webbycentral.com,1 to 50 employees,Information Technology & Services,2013
224,First Citizens Bank Careers,www.firstcitizens.com,"5,001 to 10,000 employees",Financial Services,1898
225,Availity Careers,www.availity.com,"501 to 1,000 employees",Information Technology & Services,2001
226,Oath Careers,www.oath.com,"10,000+ employees",Internet,2006
227,St Kilda Football Club Careers,www.saints.com.au,51 to 200 employees,Retail,1873
228,Appier Careers,www.appier.com,201 to 500 employees,Information Technology & Services,2012
229,Aha! Careers,www.aha.io,51 to 200 employees,Computer Software,2013
230,advanced.farm Careers,www.advanced.farm,1 to 50 employees,Industrial Automation,2018
231,PicoCandy Careers,picocandy.com,1 to 50 employees,Internet,2013
232,Viceroy Solutions Careers,www.viceroysolutions.com,1 to 50 employees,Staffing & Recruiting,2008
233,Compass Group Careers,www.compass-group.com,"10,000+ employees",Food & Beverages,1941
234,DrFirst Careers,www.drfirst.com,201 to 500 employees,Hospital & Health Care,2000
235,Excella Careers,www.excella.com,201 to 500 employees,Information Technology & Services,2002
236,Twitter Careers,www.twitter.com,"1,001 to 5,000 employees",Internet,2006
237,Annaly Careers,www.annaly.com,51 to 200 employees,Financial Services,1997
238,Paravision Careers,www.paravision.ai,1 to 50 employees,Computer Software,2013
239,Joist Careers,www.joist.com,1 to 50 employees,Information Technology & Services,2011
240,Blue Newt Software Careers,www.blue-newt.com,1 to 50 employees,Computer Software,2003
241,CityMD Careers,www.citymd.com,"1,001 to 5,000 employees",Hospital & Health Care,2010
242,Homes.com Careers,www.homes.com,201 to 500 employees,Real Estate,1973
243,Johnson & Johnson Careers,www.jnj.com,"10,000+ employees",Hospital & Health Care,1887
244,Discovery Careers,www.discovery.com,"10,000+ employees",Entertainment,1985
245,Volkswagen of America Careers,www.volkswagengroupofamerica.com,"1,001 to 5,000 employees",Automotive,1955
246,Audi Careers,www.audi.com,"10,000+ employees",Automotive,1909
247,Waltham Clinic Careers,www.walthamclinic.com,1 to 50 employees,Hospital & Health Care,2019
248,LER TechForce Careers,www.lertechforce.com,201 to 500 employees,Staffing & Recruiting,2001
249,NEPC Careers,www.nepc.com,201 to 500 employees,Financial Services,1986
250,Whova Careers,whova.com,51 to 200 employees,Computer Software,2012
251,Statista Careers,www.statista.com,"1,001 to 5,000 employees",Information Technology & Services,2007
252,Molex Careers,www.molex.com,"10,000+ employees",Computer Hardware,1983
253,Canadian Pacific Railway Careers,www.cpr.ca,"10,000+ employees","Transportation, Trucking & Rail",1881
254,DC Government Careers,dc.gov,"10,000+ employees",Government Administration,1973
255,Signal Careers,www.signal.org,1 to 50 employees,Internet,2013
256,Litmus7 Careers,www.litmus7.com,201 to 500 employees,Information Technology & Services,2009
257,6sense Careers,www.6sense.com,51 to 200 employees,Information Technology & Services,2013
258,Dapi Careers,www.dapi.com,1 to 50 employees,Financial Services,2019
259,Bosch Careers,www.bosch.com,"10,000+ employees",Mechanical & Industrial Engineering,1906
260,Point72 Careers,www.point72.com,"1,001 to 5,000 employees",Financial Services,2014
261,Black Hills Solutions Careers,blackhillssolutions.com,1 to 50 employees,Information Technology & Services,2017
262,City Schools of Decatur Careers,www.csdecatur.net,"501 to 1,000 employees",Primary & Secondary Education,2015
263,Girls on the Run International Careers,www.girlsontherun.org,1 to 50 employees,Non-Profit Organization,1996
264,Cognizant Careers,www.cognizant.com,"10,000+ employees",Information Technology & Services,1994
265,HonorHealth Careers,honorhealth.com,"10,000+ employees",Hospital & Health Care,2013
266,Vonage Careers,www.vonage.com,"1,001 to 5,000 employees",Information Technology & Services,2000
267,CME Corp. Careers,www.cmecorp.com,201 to 500 employees,Hospital & Health Care,1976
268,Robotic Research Careers,rr.ai,51 to 200 employees,Defense & Space,2002
269,ajmerainfotech Careers,www.ajmerainfotech.com,1 to 50 employees,Computer Software,2012
270,StrongArm Tech Careers,www.strongarmtech.com,1 to 50 employees,Information Technology & Services,2014
271,Bonusly Careers,www.bonus.ly,51 to 200 employees,Internet,2013
272,FixStream Careers,www.fixstream.com,51 to 200 employees,Information Technology & Services,2013
273,Jovia Careers,www.joviafinancial.com,201 to 500 employees,Banking,1938
274,Bridgewater Associates Careers,www.bridgewater.com,None,Financial Services,1975
275,iProspect Careers,www.iprospect.com,"5,001 to 10,000 employees",Marketing & Advertising,1996
276,Evans & Chambers Careers,www.evanschambers.com,51 to 200 employees,Information Technology & Services,2003
277,Phone Booth Press Careers,phoneboothpress.com,1 to 50 employees,Newspapers & Publishing,2009
278,IRONSCALES Careers,ironscales.com,51 to 200 employees,Information Technology & Services,2013
279,Nissan Motor Corporation Careers,www.nissan-global.com,"10,000+ employees",Automotive,1933
280,Hello Vino Careers,hellovino.com,1 to 50 employees,Food & Beverages,2009
281,Emtrain Careers,www.emtrain.com,1 to 50 employees,Internet,2006
282,Boosted Careers,www.boostedusa.com,51 to 200 employees,Consumer Electronics,2011
283,Instart Careers,www.instartlogic.com,201 to 500 employees,Computer Software,2010
284,Kapsch Trafficcom Careers,www.kapsch.net,"1,001 to 5,000 employees","Transportation, Trucking & Rail",2002
285,Risk Strategies Careers,www.risk-strategies.com,"1,001 to 5,000 employees",Insurance,1997
286,BriteCore Careers,www.britecore.com,201 to 500 employees,Computer Software,2009
287,Lambda Careers,www.lambdalabs.com,1 to 50 employees,Computer Hardware,2012
288,MAVERIT Careers,maverit.com,1 to 50 employees,Information Technology & Services,2019
289,North Highland Careers,www.northhighland.com,"1,001 to 5,000 employees",Management Consulting,1992
290,maurices Careers,www.maurices.com,"5,001 to 10,000 employees",Retail,1931
291,Wunderkind Careers,www.wunderkind.co,201 to 500 employees,Marketing & Advertising,2010
292,Mapbox Careers,www.mapbox.com,201 to 500 employees,Internet,2011
293,Ngen Careers,www.ngen.com,1 to 50 employees,Computer & Network Security,1992
294,Western Dental & Orthodontics Careers,westerndentalcareers.com,"1,001 to 5,000 employees",Hospital & Health Care,1903
295,OCLC Careers,oc.lc,"1,001 to 5,000 employees",Information Technology & Services,1967
296,Axiom Space Careers,www.axiomspace.com,51 to 200 employees,Aviation & Aerospace,2016
297,Mercari Careers,www.mercari.com,"1,001 to 5,000 employees",Internet,2013
298,AccuWeather Careers,www.accuweather.com,"501 to 1,000 employees",Broadcast & Online Media,1962
299,coles Careers,www.coles.com.au,"10,000+ employees",Retail,1914
300,Aquent Careers,www.aquent.com,"10,000+ employees",Staffing & Recruiting,1986
301,DFW Careers,www.dfwairport.com,"1,001 to 5,000 employees",Aviation & Aerospace,1974
302,City of Austin Careers,www.austintexas.gov,"10,000+ employees",Government Administration,1839
303,BJSS Careers,www.bjss.com,"1,001 to 5,000 employees",Information Technology & Services,1993
304,Lob Careers,lob.com,51 to 200 employees,Computer Software,2013
305,Reorg Careers,www.reorg.com,201 to 500 employees,Financial Services,2012
306,Nuro Careers,www.nuro.ai,51 to 200 employees,Information Technology & Services,2016
307,Harmonix Music Systems Careers,www.harmonixmusic.com,51 to 200 employees,Computer Games,1995
308,Synthetic Genomics Careers,www.syntheticgenomics.com,201 to 500 employees,Biotechnology,2005
309,The Daily Californian Careers,www.dailycal.org,201 to 500 employees,Broadcast & Online Media,1871
310,Civitas Learning Careers,civitaslearning.com,51 to 200 employees,Education Management,2011
311,Huddle Careers,www.huddle.com,51 to 200 employees,Computer Software,2006
312,Nexon Careers,www.nexon.com,"501 to 1,000 employees",Computer Games,1994
313,Multibeam Corporation Careers,www.multibeamcorp.com,51 to 200 employees,Semiconductors,2010
314,Vidyard Careers,www.vidyard.com,201 to 500 employees,Broadcast & Online Media,2011
315,Resolute Digital Careers,resolute.com,1 to 50 employees,Marketing & Advertising,2008
316,Letgo Careers,www.letgo.com,51 to 200 employees,Internet,2015
317,Skillz Careers,www.skillz.com,51 to 200 employees,Entertainment,2012
318,Peet's Coffee & Tea Careers,www.peets.com,"5,001 to 10,000 employees",Retail,1966
319,American Tire Distributors Careers,www.atd-us.com,"1,001 to 5,000 employees",Automotive,1935
320,ACTIV Financial Systems Careers,www.activfinancial.com,51 to 200 employees,Financial Services,2002
321,IPG Careers,www.ipg.com,51 to 200 employees,Marketing & Advertising,2004
322,xerris Careers,www.xerris.com,1 to 50 employees,Information Technology & Services,2018
323,Xactly Careers,www.xactlycorp.com,"501 to 1,000 employees",Computer Software,2005
324,Conga Careers,www.conga.com,201 to 500 employees,Information Technology & Services,2006
325,Got-It AI Careers,www.got-it.ai,51 to 200 employees,Computer Software,2013
326,Los Alamos National Laboratory Careers,www.lanl.gov,"10,000+ employees",Research,1943
327,Hillrom Careers,www.hillrom.com,"10,000+ employees",Medical Device,1915
328,Velocity Careers,www.velocity.in,1 to 50 employees,Financial Services,2020
329,Cigna Careers,www.cigna.com,"10,000+ employees","Health, Wellness & Fitness",1792
330,Verifi Inc. Careers,www.verifi.com,201 to 500 employees,Financial Services,2005
331,Los Angeles Times Careers,Los Angeles Times,"1,001 to 5,000 employees",Newspapers & Publishing,1881
332,HCSS Careers,www.hcss.com,201 to 500 employees,Computer Software,1986
333,Global Lending Services Careers,www.glsauto.com,"501 to 1,000 employees",Financial Services,2011
334,Peritus.ai Careers,peritus.ai,1 to 50 employees,Computer Software,2017
335,ProSci Careers,www.prosci.com,51 to 200 employees,Biotechnology,1994
336,erwin Careers,www.erwin.com,201 to 500 employees,Computer Software,2016
337,VHT Careers,www.vhtcx.com,51 to 200 employees,Computer Software,1995
338,REMI Careers,www.remi.com,1 to 50 employees,Public Policy,1980
339,Cornell Surgical Careers,cornellsurgical.com,1 to 50 employees,Wholesale,1945
340,Herff Jones Careers,www.herffjones.com,"1,001 to 5,000 employees",Consumer Goods,1920
341,Lightspeed Venture Partners Careers,www.lsvp.com,51 to 200 employees,Venture Capital & Private Equity,2000
342,Structural Careers,www.structural.com,1 to 50 employees,Internet,2017
343,Committee for Children Careers,www.cfchildren.org,51 to 200 employees,Primary & Secondary Education,1979
344,Nestle Careers,www.nestle.com,"10,000+ employees",Food & Beverages,1867
345,Scholastic Careers,www.scholastic.com,"5,001 to 10,000 employees",Newspapers & Publishing,1920
346,CyberCube Careers,www.cybcube.com,51 to 200 employees,Computer Software,2015
347,Peak Careers,www.peak.ai,51 to 200 employees,Information Technology & Services,2014
348,Navient Careers,about.navient.com,"5,001 to 10,000 employees",Financial Services,2014
349,BASIC Careers,www.basiconline.com,51 to 200 employees,Human Resources,1989
350,Happyelements Careers,www.happyelements.com,"501 to 1,000 employees",Computer Games,2009
351,Archer Daniels Midland Company Careers,www.adm.com,"10,000+ employees",Food & Beverages,1902
352,SmartLens Analytics Careers,www.smartlensanalytics.com,1 to 50 employees,Marketing & Advertising,2017
353,The Predictive Index Careers,www.predictiveindex.com,201 to 500 employees,Human Resources,1955
354,LionTree LLC Careers,www.liontree.com,51 to 200 employees,Financial Services,2012
355,Alion Science and Technology Careers,www.alionscience.com,"1,001 to 5,000 employees",Defense & Space,2002
356,Figure Careers,www.figure.com,51 to 200 employees,Financial Services,2018
357,XO Group Careers,www.xogroupinc.com,"501 to 1,000 employees",Broadcast & Online Media,1996
358,CBS Interactive Careers,www.cbsinteractive.com,"1,001 to 5,000 employees",Broadcast & Online Media,2007
359,WeRide.ai Careers,www.weride.ai,201 to 500 employees,Computer Software,2017
360,Neuberger Berman Careers,www.nb.com,"1,001 to 5,000 employees",Financial Services,1939
361,Syserco Careers,www.syserco.com,51 to 200 employees,Construction,1973
362,BEUMER Group Careers,www.beumergroup.com,"1,001 to 5,000 employees",Industrial Automation,1935
363,Ombud Careers,www.ombud.com,1 to 50 employees,Computer Software,2011
364,Community Coffee Company Careers,www.communitycoffee.com,"501 to 1,000 employees",Food & Beverages,1919
365,Agilysys Careers,www.agilysys.com,"1,001 to 5,000 employees",Information Technology & Services,1963
366,Applause Careers,www.applause.com,201 to 500 employees,Information Technology & Services,2007
367,Starwood Careers,www.starwoodhotels.com,"10,000+ employees",Real Estate,1980
368,Appirio Careers,www.appirio.com,"1,001 to 5,000 employees",Information Technology & Services,2006
369,Ashling Partners Careers,www.ashlingpartners.com,51 to 200 employees,Information Technology & Services,2017
370,Brightstar Corp. Careers,www.brightstar.com,"5,001 to 10,000 employees",Telecommunications,1997
371,American Red Cross Careers,www.redcross.org,"10,000+ employees",Non-Profit Organization,1881
372,Federal Communications Careers,fcc.gov,"1,001 to 5,000 employees",Government Administration,1934
373,Conseqta Careers,www.conseqta.com,1 to 50 employees,Computer Software,None
374,R Systems Careers,www.rsystems.com,"1,001 to 5,000 employees",Information Technology & Services,1993
375,Strasz Careers,www.strasz.com,1 to 50 employees,Computer Software,1995
376,Grubhub Careers,www.grubhub.com,"1,001 to 5,000 employees",Internet,2004
377,Alchemy Careers,alchemy.com,1 to 50 employees,Computer Software,2017
378,Kanarys Careers,kanarys.com,1 to 50 employees,Information Technology & Services,2018
379,Chorus.ai. Careers,chorus.ai,51 to 200 employees,Computer Software,2015
380,NYC Department of Social Services Careers,www1.nyc.gov,"10,000+ employees",Government Administration,1966
381,Mailchimp Careers,www.mailchimp.com,"501 to 1,000 employees",Computer Software,2001
382,Xealth Careers,www.xealth.io,1 to 50 employees,Hospital & Health Care,2017
383,BPM LLP Careers,www.bpmcpa.com,"501 to 1,000 employees",Accounting,1986
384,Clearcover Careers,www.clearcover.com,201 to 500 employees,Insurance,2016
385,Altran Careers,www.altran.com,"10,000+ employees",Information Technology & Services,1982
386,Solv. Careers,www.solvhealth.com,1 to 50 employees,Internet,2016
387,Essity Careers,www.essity.com,"10,000+ employees",Consumer Goods,1029
388,Harbor Freight Tools Careers,harborfreightjobs.com,"10,000+ employees",Retail,1977
389,onepoint Careers,www.groupeonepoint.com,"1,001 to 5,000 employees",Management Consulting,2002
390,QuoteWizard Careers,quotewizard.com,51 to 200 employees,Insurance,2006
391,AAA Careers,www.aaa.com,"5,001 to 10,000 employees",Consumer Services,1902
392,Granicus Careers,granicus.com,"501 to 1,000 employees",Computer Software,1999
393,Bechtel Careers,www.bechtel.com,"10,000+ employees",Construction,1898
394,Fiverr Careers,fiverr,201 to 500 employees,Internet,2010
395,Fulton County Schools Careers,www.fultonschools.org,"10,000+ employees",Education Management,1871
396,Applied Underwriters Careers,auw.com,"501 to 1,000 employees",Insurance,1994
397,CloudBees Careers,www.cloudbees.com,"501 to 1,000 employees",Computer Software,2010
398,CompStak Careers,www.compstak.com,51 to 200 employees,Internet,2011
399,Starling Bank Careers,www.starlingbank.com,"1,001 to 5,000 employees",Banking,2014
400,RCC Careers,www.rcconsulting.com,1 to 50 employees,Information Technology & Services,1985
401,Lenovo Careers,www.lenovo.com,"10,000+ employees",Computer Hardware,1984
402,nectarconsulting Careers,www.nectarconsulting.com.br,1 to 50 employees,Management Consulting,2001
403,RapidAI Careers,www.rapidai.com,51 to 200 employees,Medical Device,2012
404,CLARA analytics Careers,www.claraanalytics.com,1 to 50 employees,Insurance,2016
405,Cvent Careers,www.cvent.com,"1,001 to 5,000 employees",Computer Software,1999
406,Huawei Careers,www.huawei.com,"1,001 to 5,000 employees",Computer Networking,1999
407,CertiK Careers,certik.io,1 to 50 employees,Computer Software,2017
408,HCL Technologies Careers,www.hcltech.com,"10,000+ employees",Information Technology & Services,1991
409,Turbine Labs Careers,www.turbinelabs.com,1 to 50 employees,Computer Software,2014
410,Valeo Careers,www.valeo.com,"10,000+ employees",Automotive,1923
411,ProcureAbility Careers,www.procureability.com,51 to 200 employees,Management Consulting,1996
412,Teachable Careers,teachable.com,51 to 200 employees,E-learning,2014
413,Sartorius Careers,www.sartorius.com,"10,000+ employees",Biotechnology,1870
414,NetSuite Careers,www.netsuite.com,"10,000+ employees",Computer Software,1998
415,Ontario Insurance Company Careers,www.ontarioinsco.com,1 to 50 employees,Insurance,1877
416,BlueFletch Careers,www.bluefletch.com,1 to 50 employees,Computer Software,2008
417,InRhythm Careers,www.inrhythm.com,51 to 200 employees,Information Technology & Services,2002
418,protecht Careers,www.protecht.io,1 to 50 employees,Internet,2016
419,YieldStreet Careers,www.yieldstreet.com,51 to 200 employees,Financial Services,2015
420,CDK Global Careers,www.cdkglobal.com,"5,001 to 10,000 employees",Computer Software,2014
421,DeepMap Careers,www.deepmap.ai,51 to 200 employees,Computer Software,2016
422,Empire State Bank Careers,www.esbna.com,1 to 50 employees,Banking,2004
423,NestlÃ© Purina Careers,www.nestlepurinacareers.com,"5,001 to 10,000 employees",Consumer Goods,1894
424,Fyle Careers,www.fylehq.com,51 to 200 employees,Computer Software,2016
425,ADARA Careers,adara.com,201 to 500 employees,Internet,2009
426,Enlitic Careers,enlitic.com,1 to 50 employees,Medical Device,2014
427,New Incentives Careers,www.newincentives.org,51 to 200 employees,Non-Profit Organization,2014
428,Columbia Bank Careers,www.columbiabank.com,"1,001 to 5,000 employees",Financial Services,1993
429,Softjourn Careers,softjourn.com,201 to 500 employees,Computer Software,2001
430,Unruly Studios Careers,www.unrulystudios.com,1 to 50 employees,Primary & Secondary Education,2014
431,Dun & Bradstreet Careers,www.dnb.com,"5,001 to 10,000 employees",Financial Services,1841
432,SURE Careers,www.sureapp.com,51 to 200 employees,Insurance,2014
433,Niagara Careers,www.niagarawater.com,"1,001 to 5,000 employees",Food & Beverages,1963
434,LBUSD Careers,www.lbschools.net,"10,000+ employees",Primary & Secondary Education,1921
435,Herman Miller Careers,www.hermanmiller.com,"1,001 to 5,000 employees",Retail,1905
436,ForgeRock Careers,www.forgerock.com,"501 to 1,000 employees",Information Technology & Services,2010
437,Terakeet Careers,www.terakeet.com,201 to 500 employees,Marketing & Advertising,2001
438,Pill Club Careers,thepillclub.com,201 to 500 employees,Hospital & Health Care,2014
439,ING Group Careers,www.ing.com,"10,000+ employees",Financial Services,1991
440,Unilever Careers,www.unilever.com,"10,000+ employees",Retail,1872
441,Process Equipment Company Careers,www.peco-us.com,51 to 200 employees,Materials & Manufacturing,1946
442,U.S. Department of Housing and Urban Development Careers,www.va.gov,"10,000+ employees",Government Administration,1930
443,Global Medical Response Careers,www.globalmedicalresponse.com,"10,000+ employees",Hospital & Health Care,2018
444,Ladder Insurance Careers,www.ladderlife.com,51 to 200 employees,Internet,2015
445,AWeber Careers,www.aweber.com,51 to 200 employees,Computer Software,1998
446,crxmarkets Careers,www.crxmarkets.com,51 to 200 employees,Financial Services,2012
447,Xiaomi Careers,www.mi.com,"10,000+ employees",Internet,2010
448,180 Degrees Consulting Careers,www.180dc.org,"5,001 to 10,000 employees",Non-Profit Organization,2007
449,Veralogiq Careers,www.veralogiq.com,1 to 50 employees,Computer Software,2020
450,Panzura Careers,panzura.com,51 to 200 employees,Information Technology & Services,2008
451,Firework Careers,www.fireworkhq.com,51 to 200 employees,Computer Software,2017
452,Ciena Careers,www.ciena.com,"10,000+ employees",Computer Networking,1992
453,MPOWER Financing Careers,www.mpowerfinancing.com,1 to 50 employees,Financial Services,2014
454,Box Careers,www.box.com,"1,001 to 5,000 employees",Internet,2005
455,The Muse Careers,www.themuse.com,51 to 200 employees,Internet,2011
456,AdeptDC Careers,www.adeptdc.com,1 to 50 employees,Internet,2014
457,Danone Careers,www.danone.com,"10,000+ employees",Food & Beverages,1919
458,BitGo Careers,bitgo.com,51 to 200 employees,Financial Services,2013
459,awareabilitytechnologies Careers,www.awaretk.com,1 to 50 employees,Information Technology & Services,2014
460,Saggezza Careers,www.saggezza.com,"501 to 1,000 employees",Information Technology & Services,2003
461,HackerOne Careers,hackerone.com,201 to 500 employees,Computer & Network Security,2012
462,Brex Careers,www.brex.com,201 to 500 employees,Financial Services,2017
463,Universal Music Group Careers,www.universalmusic.com,"5,001 to 10,000 employees",Entertainment,1934
464,WorkReduce Careers,workreduce.com,51 to 200 employees,Marketing & Advertising,2015
465,Leggett & Platt Careers,www.leggett.com,"10,000+ employees",Retail,1883
466,Quid Careers,www.quid.com,51 to 200 employees,Computer Software,2010
467,Mitsubishi Corporation Careers,www.mitsubishicorp.com,"5,001 to 10,000 employees",Mechanical & Industrial Engineering,1950
468,Marvell Semiconductor Careers,www.marvell.com,"5,001 to 10,000 employees",Semiconductors,1995
469,Points Careers,points.com,201 to 500 employees,Internet,1999
470,The Aerospace Corp.  Careers,aerospace.org,"1,001 to 5,000 employees",Defense & Space,1960
471,Aspen Technology Careers,www.aspentech.com,"1,001 to 5,000 employees",Computer Software,1981
472,SalesLoft Careers,salesloft.com,201 to 500 employees,Computer Software,2011
473,GENBAND Careers,www.genband.com,"1,001 to 5,000 employees",Computer Networking,1999
474,Chef Careers,www.chef.io,201 to 500 employees,Information Technology & Services,2008
475,Webdam Careers,www.bynder.com,201 to 500 employees,Computer Software,2005
476,Custom Computer Specialists Careers,www.customtech.com,201 to 500 employees,Information Technology & Services,1979
477,Upthere Careers,www.upthere.com,51 to 200 employees,Computer Software,2011
478,Step Careers,www.step.com,1 to 50 employees,Financial Services,2018
479,SignalFx Careers,signalfx.com,"5,001 to 10,000 employees",Computer Software,2013
480,Heritage Trust Company Careers,www.heritagetrust.com,1 to 50 employees,Banking,1998
481,Quizlet Careers,quizlet.com,51 to 200 employees,E-learning,2015
482,National Renewable Energy Laboratory Careers,www.nrel.gov,"1,001 to 5,000 employees",Research,1977
483,WP Engine Careers,www.wpengine.com,"501 to 1,000 employees",Information Technology & Services,2010
484,VerticalScope Careers,www.verticalscope.com,"501 to 1,000 employees",Broadcast & Online Media,1999
485,larsentoubro Careers,www.larsentoubro.com,"10,000+ employees",Materials & Manufacturing,1938
486,Fidelity National Financial Careers,www.fnf.com,"10,000+ employees",Financial Services,1847
487,Wacom Technology Corp. Careers,www.wacom.com,"1,001 to 5,000 employees",Computer Hardware,1983
488,Lee Hecht Harrison Careers,www.lhh.com,"1,001 to 5,000 employees",Management Consulting,1967
489,CREA Careers,www.creallc.com,51 to 200 employees,Real Estate,2001
490,Universal Electronics Careers,www.uei.com,"1,001 to 5,000 employees",Computer Hardware,1986
491,Rizing Careers,www.rizing.com,"501 to 1,000 employees",Information Technology & Services,2012
492,The Kraft Heinz Company Careers,www.kraftheinzcompany.com,"10,000+ employees",Food & Beverages,2015
493,Flybits Careers,flybits.com,51 to 200 employees,Computer Software,2013
494,Portworx Careers,portworx.com,51 to 200 employees,Computer Software,2014
495,ATL Careers,www.atlinc.com,1 to 50 employees,Automotive,1970
496,IPSY Careers,www.ipsy.com,201 to 500 employees,Retail,2011
497,Instabug Careers,www.instabug.com,51 to 200 employees,Computer Software,2014
498,Vida Health Careers,www.vida.com,51 to 200 employees,Hospital & Health Care,2014
499,Faithful+Gould Careers,www.fgould.com,"1,001 to 5,000 employees",Construction,1947
500,Zaius Careers,zaius.com,51 to 200 employees,Computer Software,2012
501,Katerra Careers,www.katerra.com,"5,001 to 10,000 employees",Construction,2015
502,TestEquity Careers,www.testequity.com,201 to 500 employees,Electrical & Electronic Manufacturing,1971
503,Babylon Health Careers,www.babylonhealth.com,"1,001 to 5,000 employees",Hospital & Health Care,2013
504,Orochem Technologies Careers,www.orochem.com,51 to 200 employees,Biotechnology,1996
505,clykk Careers,www.clykk.com,1 to 50 employees,Consumer Services,2016
506,Weight Watchers Careers,www.ww.com,"10,000+ employees","Health, Wellness & Fitness",1963
507,Alto Pharmacy Careers,alto.com,"501 to 1,000 employees",Hospital & Health Care,2015
508,TopFunnel Careers,www.topfunnel.com,1 to 50 employees,Computer Software,2017
509,Plymouth Rock Assurance Careers,www.plymouthrock.com,"1,001 to 5,000 employees",Insurance,1982
510,Santa Barbara Auto Group Careers,www.sbautogroup.com,51 to 200 employees,Automotive,2004
511,Michaels Careers,www.michaels.com,"10,000+ employees",Retail,1973
512,Attentive Careers,attentivemobile.com,"501 to 1,000 employees",Marketing & Advertising,2016
513,NTELX Careers,www.ntelx.com,1 to 50 employees,Information Technology & Services,1999
514,"Sangamo Therapeutics, Inc. Careers",www.sangamo.com,201 to 500 employees,Biotechnology,1995
515,Trinidad Benham Careers,www.trinidadbenham.com,"501 to 1,000 employees",Consumer Goods,1917
516,Apartment Therapy Careers,apartmenttherapy.com,51 to 200 employees,Newspapers & Publishing,2004
517,Dytek Solutions Careers,www.dyteksolutions.com,1 to 50 employees,Information Technology & Services,2013
518,Analysis Group Careers,www.analysisgroup.com,"1,001 to 5,000 employees",Management Consulting,1981
519,OpenText Careers,www.opentext.com,"10,000+ employees",Computer Software,1991
520,Faronics Careers,www.faronics.com,51 to 200 employees,Computer Software,1996
521,Archegos Capital Careers,www.archegoscapital.com,1 to 50 employees,Investment Management,2013
522,KEYENCE CORPORATION Careers,www.keyence.com,"5,001 to 10,000 employees",Industrial Automation,1974
523,Khan Academy Careers,www.khanacademy.org,51 to 200 employees,Education Management,2007
524,MotorTrend Careers,www.motortrendgroup.com,"501 to 1,000 employees",Broadcast & Online Media,1948
525,Cadence Design Systems Careers,www.cadence.com,"5,001 to 10,000 employees",Computer Software,1988
526,TransferWise Careers,www.transferwise.com,"1,001 to 5,000 employees",Financial Services,2011
527,Conversica Careers,www.conversica.com,201 to 500 employees,Information Technology & Services,2007
528,Kittyhawk Careers,www.kittyhawkinc.com,1 to 50 employees,Aviation & Aerospace,1981
529,Smucker Careers,www.jmsmucker.com,"5,001 to 10,000 employees",Consumer Goods,1897
530,Webalo Careers,www.webalo.com,51 to 200 employees,Computer Software,2015
531,Donut Careers,www.donut.app,1 to 50 employees,Consumer Services,2018
532,Wyzant Careers,www.wyzant.com,51 to 200 employees,Internet,2005
533,OMD Careers,www.omd.com,"1,001 to 5,000 employees",Marketing & Advertising,1996
534,OmniVision Technologies Careers,www.ovt.com,"1,001 to 5,000 employees",Semiconductors,1995
535,Nanotronics Careers,nanotronics.co,51 to 200 employees,Industrial Automation,2010
536,Florida Department of Environmental Protection Careers,www.dep.state.fl.us,"1,001 to 5,000 employees",Environmental Services,1986
537,Tinybeans Careers,www.tinybeans.com,1 to 50 employees,Consumer Services,2012
538,LeadIQ Careers,leadiq.com,51 to 200 employees,Computer Software,2015
539,Partnology Careers,www.partnology.com,1 to 50 employees,Staffing & Recruiting,2019
540,Paymerang Careers,paymerang.com,51 to 200 employees,Financial Services,2010
541,Asteelflash Careers,www.asteelflash.com,"1,001 to 5,000 employees",Electrical & Electronic Manufacturing,1999
542,Hilti Careers,www.hilti.group,"10,000+ employees",Construction,1941
543,Brain Corp Careers,braincorp.com,201 to 500 employees,Computer Software,2009
544,Esurance Careers,www.esurance.com,"1,001 to 5,000 employees",Financial Services,1999
545,Luminar Technologies Careers,www.luminartech.com,201 to 500 employees,Automotive,2012
546,tomcomunicacao Careers,www.tomcomunicacao.com.br,51 to 200 employees,Marketing & Advertising,2001
547,ShareBuilder 401k Careers,www.sharebuilder401k.com,1 to 50 employees,Financial Services,2005
548,Campbell Careers,campbells.com,"10,000+ employees",Food & Beverages,1869
549,Spoke Careers,www.atspoke.com,1 to 50 employees,Computer Software,2016
550,Red Hat Careers,www.redhat.com,"10,000+ employees",Computer Software,1993
551,Bank of America Careers,www.bankofamerica.com,"10,000+ employees",Financial Services,1904
552,BlueStacks Careers,www.bluestacks.com,201 to 500 employees,Computer Software,2011
553,TeamViewer Careers,www.teamviewer.com,"1,001 to 5,000 employees",Computer Software,2005
554,myKaarma Careers,www.mykaarma.com,51 to 200 employees,Automotive,2012
555,"Noble Royalties, Inc. Careers",www.nobleroyalties.com,51 to 200 employees,Financial Services,1997
556,Topgolf Careers,www.topgolf.com,"10,000+ employees",Broadcast & Online Media,2000
557,Blue Origin Careers,www.blueorigin.com,"1,001 to 5,000 employees",Defense & Space,2000
558,STMicroelectronics Careers,www.st.com,"10,000+ employees",Semiconductors,1987
559,Comcast Careers,www.comcast.com,"10,000+ employees",Telecommunications,1963
560,PredictSpring Careers,www.predictspring.com,1 to 50 employees,Computer Software,2013
561,VSA Partners Careers,www.vsapartners.com,201 to 500 employees,Design,1982
562,Tubi TV Careers,www.tubitv.com,201 to 500 employees,Entertainment,2014
563,Turing Video Careers,www.turingvideo.com,1 to 50 employees,Facilities Services,2017
564,Clear Capital Careers,www.clearcapital.com,"501 to 1,000 employees",Financial Services,2001
565,Varagon Careers,www.varagon.com,51 to 200 employees,Investment Management,2014
566,SwagUp Careers,www.swagup.com,51 to 200 employees,Marketing & Advertising,2017
567,OCR Careers,www.ocr-inc.com,201 to 500 employees,Computer Software,1983
568,IoTeX Careers,www.iotex.io,1 to 50 employees,Information Technology & Services,2017
569,accesso Careers,www.accesso.com,201 to 500 employees,Information Technology & Services,2000
570,PitchBook Data Careers,www.pitchbook.com,"1,001 to 5,000 employees",Venture Capital & Private Equity,2007
571,Marsh ClearSight Careers,www.marshclearsight.com,"501 to 1,000 employees",Information Technology & Services,1967
572,Creative Rein Careers,creative-rein.com,1 to 50 employees,Management Consulting,2009
573,B-Stock Solutions Careers,bstock.com,51 to 200 employees,Logistics & Supply Chain,2008
574,Finden Careers,myfinden.com,1 to 50 employees,Financial Services,2020
575,Airbase Careers,www.airbase.com,51 to 200 employees,Financial Services,2017
576,CVP Careers,www.cvpcorp.com,201 to 500 employees,Management Consulting,2002
577,Phenom People Careers,www.phenompeople.com,"501 to 1,000 employees",Computer Software,2011
578,injazat Careers,www.injazat.com,"1,001 to 5,000 employees",Information Technology & Services,2005
579,PeerIQ Careers,www.peeriq.com,1 to 50 employees,Financial Services,2014
580,Ryder Careers,www.ryder.com,"10,000+ employees","Transportation, Trucking & Rail",1933
581,Lemonade Careers,www.lemonade.com,"501 to 1,000 employees",Insurance,2015
582,Blink Health Careers,www.blinkhealth.com,201 to 500 employees,"Health, Wellness & Fitness",2014
583,VALiNTRY Careers,valintry.com,51 to 200 employees,Staffing & Recruiting,2013
584,Optimal Synthesis Inc. Careers,www.optisyn.com,1 to 50 employees,Aviation & Aerospace,1992
585,Palmos Careers,www.palmos.co,1 to 50 employees,Environmental Services,2016
586,Currencycloud Careers,www.currencycloud.com,51 to 200 employees,Financial Services,2012
587,EPRI Careers,www.epri.com,"501 to 1,000 employees",Utilities,1973
588,RealSelf Careers,www.realself.com,201 to 500 employees,Internet,2006
589,Groq Careers,groq.com,51 to 200 employees,Semiconductors,2016
590,Univision Communications Careers,corporate.univision.com,"1,001 to 5,000 employees",Broadcast & Online Media,1962
591,Liberty Mutual Insurance Careers,www.libertymutualgroup.com,"10,000+ employees",Financial Services,1912
592,MobMaxime Careers,www.mobmaxime.com,1 to 50 employees,Computer Software,2009
593,Eze Software Careers,www.ezesoft.com,"501 to 1,000 employees",Computer Software,1995
594,Deliv Careers,www.deliv.co,1 to 50 employees,Internet,2012
595,CommerceIQ Careers,www.commerceiq.a,51 to 200 employees,Computer Software,2013
596,First Advantage Careers,www.fadv.com,"1,001 to 5,000 employees",Information Technology & Services,2003
597,GoShare Careers,www.goshare.co,1 to 50 employees,Internet,2014
598,si-vision Careers,www.si-vision.com,201 to 500 employees,Semiconductors,2007
599,Healthfirst Inc. Careers,www.healthfirst.org,"1,001 to 5,000 employees",Hospital & Health Care,1993
600,Talkdoc Careers,www.talkdoc.co,1 to 50 employees,Hospital & Health Care,2018
601,CallMiner Careers,www.callminer.com,201 to 500 employees,Computer Software,2002
602,Alaska Airlines Careers,www.alaskaair.com,"10,000+ employees",Aviation & Aerospace,1932
603,SUSE Careers,www.suse.com,"1,001 to 5,000 employees",Computer Software,1992
604,damedic Careers,www.damedic.ai,1 to 50 employees,Hospital & Health Care,2018
605,Phoenix International Publications Careers,www.pikidsmedia.com,51 to 200 employees,Newspapers & Publishing,2014
606,Sweetgreen Careers,www.sweetgreen.com,"1,001 to 5,000 employees",Food & Beverages,2007
607,Mailgun Technologies Careers,www.mailgun.com,201 to 500 employees,Computer Software,2010
608,Qopper Careers,www.qopper.com,1 to 50 employees,Internet,2017
609,dscout Careers,dscout.com,51 to 200 employees,Research,2011
610,Tesco Careers,www.tescoplc.com,"10,000+ employees",Retail,1919
611,Giraphix Creative Careers,giraphixcreative.com,1 to 50 employees,Marketing & Advertising,2011
612,U.S. Naval Research Laboratory Careers,www.nrl.navy.mil,"1,001 to 5,000 employees",Research,1923
613,SageSure Insurance Managers Careers,sagesure.com,201 to 500 employees,Insurance,2006
614,SharkNinja Careers,www.sharkninja.com,"1,001 to 5,000 employees",Consumer Goods,2003
615,Alectio Careers,www.alectio.com,1 to 50 employees,Computer Software,2019
616,Whip Media Group Careers,www.whipmedia.com,51 to 200 employees,Entertainment,2014
617,substack Careers,substack.com,1 to 50 employees,Broadcast & Online Media,2017
618,Split Careers,www.split.io,51 to 200 employees,Computer Software,2015
619,Dartmouth college Careers,dartmouth.edu,"5,001 to 10,000 employees",Higher Education,1769
620,Supermetrics Careers,supermetrics.com,51 to 200 employees,Computer Software,2013
621,Celerity Careers,www.celerity.com,201 to 500 employees,Information Technology & Services,2002
622,Sierra Wireless Careers,www.sierrawireless.com,"1,001 to 5,000 employees",Telecommunications,1993
623,CAST Careers,www.castsoftware.com,201 to 500 employees,Information Technology & Services,1998
624,LinQuest Careers,www.linquest.com,"1,001 to 5,000 employees",Defense & Space,2004
625,Wargaming Careers,www.wargaming.com,"5,001 to 10,000 employees",Computer Games,1998
626,OutSystems Careers,www.outsystems.com,"1,001 to 5,000 employees",Computer Software,2001
627,Miles Education Careers,www.mileseducation.com,51 to 200 employees,Education Management,2011
628,Man Group Careers,www.man.com,"1,001 to 5,000 employees",Investment Management,1783
629,Municipal Credit Union Careers,www.nymcu.org,201 to 500 employees,Financial Services,1916
630,Life360 Careers,www.life360.com,51 to 200 employees,Internet,2008
631,New York State Office of Information Technology Services Careers,its.ny.gov,"1,001 to 5,000 employees",Information Technology & Services,2012
632,DealerOn Careers,www.dealeron.com,201 to 500 employees,Marketing & Advertising,2004
633,trucker Careers,www.trucker.group,1 to 50 employees,"Transportation, Trucking & Rail",2017
634,BuildingConnected Careers,buildingconnected.com,201 to 500 employees,Construction,2012
635,"King County, WA Careers",www.kingcounty.gov,"10,000+ employees",Government Administration,1852
636,Nomura Careers,www.nomura.com,"10,000+ employees",Financial Services,1925
637,Staples Careers,www.staples.com,"10,000+ employees",Retail,1986
638,Xgility Careers,www.xgility.com,1 to 50 employees,Information Technology & Services,2011
639,Hatch Ltd Careers,www.hatch.com,"5,001 to 10,000 employees",Materials & Manufacturing,1955
640,CrunchTime! Careers,crunchtime.com,51 to 200 employees,Computer Software,1995
641,CTC Careers,www.ctc.com,"501 to 1,000 employees",Defense & Space,1987
642,KYOCERA Document Solutions Development Careers,www.dda.kyocera.com,51 to 200 employees,Business Supplies & Equipment,2000
643,ELEKS Careers,eleks.com,"1,001 to 5,000 employees",Information Technology & Services,1991
644,nuTonomy Careers,www.aptiv.com,1 to 50 employees,Automotive,2013
645,Cypress Semiconductor Careers,www.cypress.com,"5,001 to 10,000 employees",Semiconductors,1982
646,Cigniti Careers,www.cigniti.com,"1,001 to 5,000 employees",Information Technology & Services,1998
647,Stolt-Nielsen Limited Careers,www.stolt-nielsen.com,"5,001 to 10,000 employees",Logistics & Supply Chain,1959
648,Payoneer Careers,www.payoneer.com,"1,001 to 5,000 employees",Financial Services,2005
649,Saab Defense and Security USA Careers,www.saabusa.com,"501 to 1,000 employees",Defense & Space,1937
650,The Dobrusin Law Firm Careers,www.patentco.com,1 to 50 employees,Legal Services,1999
651,Critical Mass Careers,www.criticalmass.com,"501 to 1,000 employees",Marketing & Advertising,1996
652,Sequoia Capital Careers,www.sequoiacap.com,51 to 200 employees,Venture Capital & Private Equity,1972
653,Infocon Careers,www.infoconn.com,51 to 200 employees,Computer Software,1988
654,Utah State Legislature Careers,www.le.utah.gov,51 to 200 employees,Government Administration,1896
655,The AI Foundation Careers,www.aifoundation.com,1 to 50 employees,Computer Software,2017
656,WidePoint Careers,www.widepoint.com,51 to 200 employees,Information Technology & Services,2004
657,XANT Careers,www.xant.ai,201 to 500 employees,Computer Software,2004
658,MRM Careers,www.mrm.com,"1,001 to 5,000 employees",Marketing & Advertising,1982
659,Magic Leap Careers,www.magicleap.com,"1,001 to 5,000 employees",Telecommunications,2011
660,Matson Careers,www.matson.com,"1,001 to 5,000 employees","Transportation, Trucking & Rail",1882
661,Axilis Careers,www.axilis.com,51 to 200 employees,Computer Software,2011
662,ServiceChannel Careers,www.servicechannel.com,201 to 500 employees,Computer Software,1999
663,Urban Science Careers,www.urbanscience.com,"501 to 1,000 employees",Automotive,1977
664,CITCO USA Careers,www.citco.com,"5,001 to 10,000 employees",Retail,1998
665,Chenbro Careers,www.chenbro.com,"1,001 to 5,000 employees",Computer Hardware,1983
666,Hagadone Media Careers,www.hagadonemediagroup.com,51 to 200 employees,Marketing & Advertising,2019
667,Arlo Careers,www.arlo.com,201 to 500 employees,Consumer Electronics,2018
668,Fishtown Analytics Careers,fishtownanalytics.com,1 to 50 employees,Computer Software,2016
669,ONE Gas Careers,www.onegas.jobs,"1,001 to 5,000 employees",Utilities,2014
670,Salsify Careers,www.salsify.com,201 to 500 employees,Computer Software,2012
671,Pacific Northwest National Lab Careers,www.pnnl.gov,"1,001 to 5,000 employees",Research,1965
672,Pride Tours NYC Careers,www.pridetoursnyc.com,1 to 50 employees,"Leisure, Travel & Tourism",2019
673,mediaservice Careers,mediaservice.net,1 to 50 employees,Information Services,2000
674,OhioHealth Careers,www.ohiohealth.com,"10,000+ employees",Hospital & Health Care,1891
675,Lineate Careers,www.lineate.com,51 to 200 employees,Computer Software,2005
676,Ambyint Careers,ambyint.com,51 to 200 employees,Oil & Energy,2004
677,Vexata Careers,www.vexata.com,51 to 200 employees,Information Technology & Services,2013
678,qntfy Careers,www.qntfy.com,1 to 50 employees,Research,2015
679,Adesto Technologies Careers,adestotech.com,201 to 500 employees,Semiconductors,2007
680,Zilliant Careers,resources.zilliant.com,201 to 500 employees,Computer Software,1999
681,ValueMomentum Careers,www.valuemomentum.com,"1,001 to 5,000 employees",Information Technology & Services,2000
682,7Park Data Careers,www.7parkdata.com,51 to 200 employees,Information Services,2012
683,FlightSafety International Careers,www.flightsafety.com,"1,001 to 5,000 employees",Aviation & Aerospace,1951
684,Vungle Careers,www.vungle.com,201 to 500 employees,Marketing & Advertising,2011
685,Jade Global Careers,www.jadeglobal.com,"1,001 to 5,000 employees",Information Technology & Services,2003
686,US Foods Careers,www.usfoods.com,"10,000+ employees",Food & Beverages,1989
687,KAS Engineering Careers,www.kasengineering.com,1 to 50 employees,Information Technology & Services,1968
688,KaulZ Consulting Careers,www.kaulzconsulting.com,1 to 50 employees,Management Consulting,2019
689,Newfront Careers,www.newfront.com,201 to 500 employees,Insurance,2017
690,StreamLinx Careers,www.streamlinx.com,1 to 50 employees,Information Technology & Services,2010
691,Brooks Running Careers,www.brooksrunning.com,"501 to 1,000 employees",Retail,1914
692,Sixt Careers,www.sixt.com,"5,001 to 10,000 employees","Leisure, Travel & Tourism",1912
693,Milwaukee Tool Careers,www.milwaukeetool.com,"5,001 to 10,000 employees",Consumer Goods,1924
694,MOAC Careers,www.moac.io,1 to 50 employees,Computer & Network Security,2017
695,Naspers Careers,www.naspers.com,"10,000+ employees",Internet,1915
696,PeriShip Careers,www.periship.com,1 to 50 employees,Logistics & Supply Chain,2001
697,Everfi Careers,www.everfi.com,"501 to 1,000 employees",E-learning,2008
698,iHerb Careers,www.iherb.com,"501 to 1,000 employees",Retail,1996
699,optokey Careers,optokey.com,1 to 50 employees,Medical Device,2009
700,Vanguard Charitable Careers,www.vanguardcharitable.org,51 to 200 employees,Philanthropy,1997
701,Level Ex Careers,www.levelex.com,51 to 200 employees,Computer Games,2015
702,Zemax Careers,www.zemax.com,51 to 200 employees,Computer Software,1991
703,"6 River Systems, Inc. Careers",6river.com,201 to 500 employees,Logistics & Supply Chain,2015
704,Blue Sky Projects Careers,www.blueskyprojects.com,1 to 50 employees,Information Technology & Services,2000
705,NetSPI Careers,www.netspi.com,51 to 200 employees,Computer Networking,2001
706,Pulse Secure Careers,pulsesecure.net,"501 to 1,000 employees",Computer Networking,2014
707,Navico Careers,navico.com,"5,001 to 10,000 employees",Consumer Electronics,2003
708,Kern Family Health Care Careers,www.kernhealthsystems.com,201 to 500 employees,Hospital & Health Care,1993
709,Infragistics Careers,www.infragistics.com,51 to 200 employees,Computer Software,1989
710,DoiT International Careers,www.doit-intl.com,201 to 500 employees,Computer Software,2011
711,Periscope Data Careers,periscopedata.com,51 to 200 employees,Computer Software,2012
712,Arrowstreet Capital Careers,www.arrowstreetcapital.com,201 to 500 employees,Investment Management,1999
713,Ameren Careers,www.ameren.com,"5,001 to 10,000 employees",Utilities,1902
714,Starboard Cruise Services Careers,www.starboardcruise.com,"1,001 to 5,000 employees",Retail,1958
715,Arkansas Department of Education Careers,www.arkansased.gov,201 to 500 employees,Government Administration,1931
716,Overstock Careers,www.overstock.com,"1,001 to 5,000 employees",Internet,1999
717,DNC Careers,www.democrats.org,201 to 500 employees,Civic & Social Organization,1848
718,Qualitest Careers,www.qualitestgroup.com,"1,001 to 5,000 employees",Information Technology & Services,1997
719,Simplify Healthcare Careers,www.simplifyhealthcare.com,201 to 500 employees,Information Technology & Services,2008
720,Takko Careers,takkoapp.com,1 to 50 employees,Entertainment,2017
721,Avistar Careers,avistar.com,51 to 200 employees,Computer Software,1994
722,Apache Software Foundation Careers,www.apache.org,"5,001 to 10,000 employees",Computer Software,1999
723,Voya Financial Careers,www.voya.com,"5,001 to 10,000 employees",Financial Services,2014
724,The Libman Company Careers,libman.com,"501 to 1,000 employees",Consumer Goods,1896
725,Checkr Careers,www.checkr.com,201 to 500 employees,Internet,2014
726,Nauto Careers,www.nauto.com,51 to 200 employees,Automotive,2015
727,RPA Careers,www.rpa.com,"501 to 1,000 employees",Marketing & Advertising,1986
728,Kraferd Careers,www.kraferd.com,1 to 50 employees,Computer Software,2015
729,H Mart Careers,www.hmart.com,"5,001 to 10,000 employees",Retail,1982
730,Itiviti Careers,www.itiviti.com,"1,001 to 5,000 employees",Computer Software,2001
731,Theory Careers,www.theory.com,"501 to 1,000 employees","Apparel, Fashion & Luxury",1997
732,Willing Careers,www.willing.com,1 to 50 employees,Internet,2015
733,Aristotle Careers,www.aristotle.com,51 to 200 employees,Investment Management,1983
734,Diebold Nixdorf Careers,dieboldnixdorf.com,"10,000+ employees",Information Technology & Services,1859
735,Micron Careers,www.micron.net,"10,000+ employees",Semiconductors,1978
736,Publicis Sapient Careers,www.publicissapient.com,"10,000+ employees",Information Technology & Services,1990
737,wardbrew Careers,www.wardbrew.com,1 to 50 employees,Information Technology & Services,2012
738,eversai Careers,www.eversai.com,1 to 50 employees,Business Supplies & Equipment,2019
739,HeartFlow Careers,www.heartflow.com,201 to 500 employees,Medical Device,2007
740,Galderma Careers,www.galderma.com,"5,001 to 10,000 employees",Pharmaceuticals,1981
741,Numerati Careers,numeratipartnersllc.com,1 to 50 employees,Research,2012
742,LeapYear Careers,leapyear.io,51 to 200 employees,Computer Software,2015
743,Big Idea Group Careers,www.abigideagroup.com,1 to 50 employees,Marketing & Advertising,2016
744,MUFG Careers,www.mufg.jp,"10,000+ employees",Financial Services,1864
745,Georgia-Pacific Careers,www.gp.com,"10,000+ employees",Materials & Manufacturing,1927
746,Hyundai Motor Careers,worldwide.hyundai.com,"10,000+ employees",Automotive,1967
747,Fullscreen Careers,www.fullscreen.com,"501 to 1,000 employees",Broadcast & Online Media,2011
748,rideOS Careers,www.rideos.ai,1 to 50 employees,Computer Software,2017
749,HSBC Careers,www.hsbc.com,"10,000+ employees",Financial Services,1865
750,Digital Realty Careers,www.digitalrealty.com,"501 to 1,000 employees",Information Technology & Services,2004
751,Petco Careers,www.petco.com,"10,000+ employees",Retail,1965
752,Crate & Barrel Careers,www.crateandbarrel.com,"5,001 to 10,000 employees",Retail,1962
753,Private Health Management Careers,www.privatehealth.com,51 to 200 employees,Hospital & Health Care,2007
754,Patra Corporation Careers,www.patracorp.com,201 to 500 employees,Insurance,2005
755,Smith & Nephew Careers,www.smith-nephew.com,"10,000+ employees",Medical Device,1856
756,nyana Careers,nyana.io,1 to 50 employees,Computer Software,2020
757,Alterra Mountain Company Careers,www.alterramtnco.com,"10,000+ employees","Leisure, Travel & Tourism",2018
758,SociÃ©tÃ© GÃ©nÃ©rale Careers,www.societegenerale.com,"10,000+ employees",Financial Services,1864
759,Sema4 Careers,www.sema4.com,"501 to 1,000 employees",Biotechnology,2017
760,Avlino Careers,www.avlino.com,1 to 50 employees,Computer Software,2013
761,Dunkin Donuts Careers,www.dunkindonuts.com,51 to 200 employees,Restaurants,1950
762,Prisma Health Careers,careers.prismahealth.org,"10,000+ employees",Hospital & Health Care,2017
763,Experis Careers,www.experis.us,"10,000+ employees",Staffing & Recruiting,2011
764,Conagra Brands Careers,www.conagrabrands.com,"10,000+ employees",Food & Beverages,1919
765,healthmine Careers,www.healthmine.com,51 to 200 employees,"Health, Wellness & Fitness",2008
766,Thomson Reuters Careers,www.thomsonreuters.com,"10,000+ employees",Financial Services,2008
767,Syntel Careers,www.atos-syntel.net,"10,000+ employees",Information Technology & Services,1980
768,Compuware Careers,www.compuware.com,"501 to 1,000 employees",Computer Software,1973
769,Ohio Computer Medix Careers,www.ohiocomputermedix.com,1 to 50 employees,Information Technology & Services,1992
770,British American Tobacco Careers,www.bat.com,"10,000+ employees",Consumer Goods,1902
771,Zoom Careers,www.zoom.com,"1,001 to 5,000 employees",Information Technology & Services,2011
772,Strike Careers,www.strikeusa.com,"5,001 to 10,000 employees",Oil & Energy,2003
773,Proxima Careers,www.proximagroup.com,201 to 500 employees,Management Consulting,1994
774,Canoo Careers,www.canoo.com,201 to 500 employees,Automotive,2017
775,datasonar Careers,www.datasonar.eu,1 to 50 employees,Computer Software,2015
776,Worklete Careers,www.worklete.com,1 to 50 employees,Computer Software,2015
777,Netherlands Foreign Investment Agency Careers,investinholland.com,51 to 200 employees,Trade & Development,1978
778,Radiance Technologies Careers,www.radiancetech.com,"501 to 1,000 employees",Defense & Space,1999
779,Veo Careers,www.veoride.com,51 to 200 employees,Internet,2017
780,adMarketplace Careers,www.admarketplace.com,51 to 200 employees,Internet,2000
781,Heflin Search Partners Careers,www.heflinsearch.com,1 to 50 employees,Information Technology & Services,1997
782,Tangerine Global Careers,tangerineglobal.com,1 to 50 employees,Entertainment,2005
783,Speedway Careers,speedway.com,"10,000+ employees",Retail,1959
784,Zycus Careers,www.zycus.com,"1,001 to 5,000 employees",Computer Software,1998
785,reNature Careers,www.renatureinc.com,51 to 200 employees,Materials & Manufacturing,2018
786,Wiley Careers,www.wiley.com,"1,001 to 5,000 employees",Newspapers & Publishing,1807
787,Thales Careers,www.thalesgroup.com,"10,000+ employees",Information Technology & Services,2000
788,Outdoorsy Careers,www.outdoorsy.com,51 to 200 employees,Internet,2015
789,Arc.dev Careers,www.arc.dev,1 to 50 employees,Internet,2014
790,Voxy Careers,voxy.com,51 to 200 employees,E-learning,2010
791,North American Lighting Careers,www.nal.com,"1,001 to 5,000 employees",Automotive,1983
792,Ontario Teachers'â Pension Plan Careers,www.otpp.com,"1,001 to 5,000 employees",Investment Management,1989
793,LeadGenius Careers,leadgenius.com,1 to 50 employees,Computer Software,2011
794,sartura Careers,www.sartura.hr,1 to 50 employees,Computer Software,2013
795,RevMed Group Careers,www.revmed.com,1 to 50 employees,Hospital & Health Care,2016
796,Mallinckrodt Pharmaceuticals Careers,www.mallinckrodt.com,"1,001 to 5,000 employees",Pharmaceuticals,1867
797,Cisco Careers,www.cisco.com,"10,000+ employees",Computer Networking,1984
798,Energy Solutions Careers,www.energy-solution.com,51 to 200 employees,Environmental Services,1995
799,H&M Careers,www.hm.com,"10,000+ employees",Retail,1947
800,Heslil Careers,www.heslil.com,1 to 50 employees,Computer Software,2015
801,Citadel Careers,www.citadelgroup.com,201 to 500 employees,Information Technology & Services,2007
802,Paytm Money Careers,paytmmoney.com,201 to 500 employees,Investment Management,2017
803,Savvy Careers,www.savvyscreen.com,1 to 50 employees,Real Estate,2019
804,TripAdvisor Careers,www.tripadvisor.com,"1,001 to 5,000 employees",Internet,2000
805,Aptible Careers,www.aptible.com,51 to 200 employees,Computer Software,2014
806,PARC Careers,parc.com,201 to 500 employees,Research,1970
807,"Abaco Systems, Inc. Careers",www.abaco.com,51 to 200 employees,Computer Hardware,2015
808,HelpSystems Careers,www.helpsystems.com,"1,001 to 5,000 employees",Computer Software,1982
809,Victory Tailgate Careers,victorytailgate.com,51 to 200 employees,Retail,2008
810,Acumatica Careers,www.acumatica.com,201 to 500 employees,Computer Software,2007
811,The Bozzuto Group Careers,www.bozzuto.com,"1,001 to 5,000 employees",Real Estate,1988
812,Inmar Careers,www.inmar.com,"1,001 to 5,000 employees",Information Technology & Services,1980
813,Mavenir Careers,mavenir.com,"1,001 to 5,000 employees",Telecommunications,2005
814,Snowflake Careers,www.snowflake.com,"501 to 1,000 employees",Computer Software,2012
815,X5 Retail Group Careers,www.x5.ru,"10,000+ employees",Retail,2006
816,Inova Software Careers,www.inova-software.com,51 to 200 employees,Computer Software,2010
817,BallotReady Careers,www.ballotready.org,1 to 50 employees,Computer Software,2015
818,Qlik Careers,www.qlik.com,"1,001 to 5,000 employees",Computer Software,1993
819,Collins Aerospace Careers,www.collinsaerospace.com,"10,000+ employees",Aviation & Aerospace,1933
820,"Knockaway, Inc. Careers",www.knock.com,1 to 50 employees,Internet,2015
821,Humana Careers,www.humana.com,"10,000+ employees","Health, Wellness & Fitness",1961
822,Orchard Therapeutics Careers,www.orchard-tx.com,201 to 500 employees,Biotechnology,2015
823,Tracer Careers,tracer.tech,1 to 50 employees,Internet,2018
824,Compass Careers,www.cmpsinc.com,51 to 200 employees,Defense & Space,2003
825,cyclingsportsgroup Careers,www.cyclingsportsgroup.com,"501 to 1,000 employees",Retail,1971
826,Lumileds Careers,www.lumileds.com,"5,001 to 10,000 employees",Semiconductors,1999
827,MaxLinear Careers,www.maxlinear.com,201 to 500 employees,Computer Hardware,2003
828,First Help Financial Careers,www.firsthelpfinancial.com,51 to 200 employees,Financial Services,2006
829,Luxottica Careers,www.luxottica.com,"10,000+ employees","Apparel, Fashion & Luxury",1961
830,ModelOp Careers,www.modelop.com,1 to 50 employees,Information Technology & Services,2012
831,INVISTA Careers,www.invista.com,"5,001 to 10,000 employees",Chemicals,2003
832,Carrier Careers,www.carrier.com,"10,000+ employees",Mechanical & Industrial Engineering,1902
833,Yorke Engineering Careers,www.yorkeengr.com,51 to 200 employees,Environmental Services,1996
834,Kenna Security Careers,www.kennasecurity.com,51 to 200 employees,Computer & Network Security,2010
835,BuildOps Careers,buildops.com,1 to 50 employees,Computer Software,2018
836,TruU Careers,www.truu.a,1 to 50 employees,Computer & Network Security,2017
837,Headway Technologies Careers,www.headway.com,"501 to 1,000 employees",Computer Hardware,1994
838,ASUS Careers,www.asus.com,"10,000+ employees",Computer Hardware,1989
839,Clubspeed Careers,clubspeed.com,51 to 200 employees,Computer Software,2005
840,City of Long Beach Careers,www.longbeach.gov,"5,001 to 10,000 employees",Government Administration,1882
841,American Electric Power Careers,www.aep.com,"10,000+ employees",Oil & Energy,1906
842,Enigma Careers,enigma.com,51 to 200 employees,Computer Software,2011
843,Zenlist Careers,zenlist.com,1 to 50 employees,Real Estate,2017
844,Justworks Careers,www.justworks.com,201 to 500 employees,Human Resources,2012
845,Solid Cage Careers,www.solidcage.com,1 to 50 employees,Information Technology & Services,2009
846,Colony Display Careers,www.colonydisplay.com,201 to 500 employees,Retail,1983
847,Verys Careers,verys.com,201 to 500 employees,Information Technology & Services,2012
848,DECATHLON FRANCE Careers,www.decathlon.com,"10,000+ employees",Retail,1976
849,onsemi Careers,www.onsemi.com,"10,000+ employees",Semiconductors,1999
850,The Orchard Careers,www.theorchard.com,201 to 500 employees,Entertainment,1997
851,Eurofins Careers,www.eurofins.com,"10,000+ employees",Biotechnology,1987
852,RentPath Careers,www.rentpath.com,"501 to 1,000 employees",Internet,1989
853,Riiid Labs Careers,www.riiidlabs.ai,51 to 200 employees,Information Technology & Services,2020
854,H&R Block Careers,www.hrblock.com,"10,000+ employees",Retail,1955
855,Miro Careers,miro.com,"501 to 1,000 employees",Computer Software,2012
856,STX Entertainment Careers,stxentertainment.com,51 to 200 employees,Entertainment,2014
857,Mastek Careers,www.mastek.com,"1,001 to 5,000 employees",Information Technology & Services,1982
858,Hyundai Capital America Careers,www.hyundaicapitalamerica.com,"1,001 to 5,000 employees",Financial Services,1989
859,eClerx Careers,www.eclerx.com,"10,000+ employees",Information Technology & Services,2000
860,Federal Reserve Bank of Boston Careers,www.bostonfed.org,"1,001 to 5,000 employees",Financial Services,1914
861,ComCard Careers,comcard.us,1 to 50 employees,Banking,2019
862,Yoodle Careers,www.yoodle.com,1 to 50 employees,Marketing & Advertising,2007
863,McKinsey & Company Careers,www.mckinsey.com,"10,000+ employees",Financial Services,1926
864,cognigy Careers,www.cognigy.com,1 to 50 employees,Information Technology & Services,2016
865,Backbase Careers,www.backbase.com,"501 to 1,000 employees",Internet,2003
866,American Water Careers,www.amwater.com,"5,001 to 10,000 employees",Utilities,1886
867,New Flyer Careers,www.newflyer.com,"5,001 to 10,000 employees","Transportation, Trucking & Rail",1930
868,Avanade Careers,www.avanade.com,"10,000+ employees",Information Technology & Services,2000
869,Enel Careers,www.enel.com,"10,000+ employees",Utilities,1962
870,The Art of Living Careers,www.artofliving.org,"10,000+ employees",Non-Profit Organization,1981
871,Ringcentral Careers,www.ringcentral.com,"1,001 to 5,000 employees",Telecommunications,2003
872,Cummins Careers,www.cummins.com,"10,000+ employees",Automotive,1919
873,Liferay Careers,www.liferay.com,"501 to 1,000 employees",Computer Software,2004
874,American Century Investments Careers,ipro.americancentury.com,"1,001 to 5,000 employees",Investment Management,1958
875,Regeneron Careers,www.regeneron.com,"5,001 to 10,000 employees",Biotechnology,1988
876,Emergere Careers,www.emergertech.com,51 to 200 employees,Information Technology & Services,2019
877,ProQuest Careers,www.proquest.com,"1,001 to 5,000 employees","Libraries, Museums & Institutions",1938
878,ADTRAN Careers,www.adtran.com,"1,001 to 5,000 employees",Computer Networking,1985
879,ICF Careers,www.icf.com,"5,001 to 10,000 employees",Management Consulting,1969
880,minsait Careers,www.minsait.com,"1,001 to 5,000 employees",Information Technology & Services,2016
881,Calm Careers,www.calm.com,51 to 200 employees,"Health, Wellness & Fitness",2012
882,LifeOmic Careers,www.lifeomic.com,51 to 200 employees,Computer Software,2016
883,Under Armour Careers,www.underarmour.com,"10,000+ employees",Retail,1996
884,Ultra Mobile Careers,www.ultramobile.com,51 to 200 employees,Telecommunications,2011
885,cellulant Careers,www.cellulant.com,201 to 500 employees,Financial Services,2014
886,PRO Unlimited Careers,www.prounlimited.com,"1,001 to 5,000 employees",Information Technology & Services,1991
887,GateKeeper Careers,www.gatekeeperhq.com,51 to 200 employees,Computer & Network Security,2010
888,Mircom Group of Companies Careers,www.mircom.com,"501 to 1,000 employees",Electrical & Electronic Manufacturing,1991
889,Second Measure Careers,secondmeasure.com,51 to 200 employees,Information Technology & Services,2015
890,vbs Careers,www.vbslimited.com.ng,201 to 500 employees,Human Resources,2016
891,Kenshoo Careers,www.kenshoo.com,"501 to 1,000 employees",Internet,2006
892,GridX Careers,www.gridx.com,51 to 200 employees,Computer Software,2010
893,MITRE Careers,www.mitre.org,"5,001 to 10,000 employees",Information Technology & Services,1958
894,MediaPlatform Careers,www.mediaplatform.com,1 to 50 employees,Computer Software,2005
895,Lonza Careers,www.lonza.com,"10,000+ employees",Biotechnology,1897
896,Accellion Careers,www.accellion.com,51 to 200 employees,Computer Software,1999
897,GIC Careers,gic.com.sg,"1,001 to 5,000 employees",Investment Management,1981
898,Gem Careers,gem.co,1 to 50 employees,Computer Software,2013
899,Activision Blizzard Careers,www.activisionblizzard.com,"5,001 to 10,000 employees",Computer Games,1990
900,SmileDirectClub Careers,www.smiledirectclub.com,"1,001 to 5,000 employees",Cosmetics,2014
901,Clever Careers,clever.com,51 to 200 employees,Internet,2012
902,Vim Careers,www.getvim.com,51 to 200 employees,Computer Software,2015
903,Aveshka Careers,www.aveshka.com,201 to 500 employees,Information Technology & Services,2010
904,LINE Corp. Careers,linefriends.com,1 to 50 employees,Retail,2017
905,Analog Devices Careers,www.analog.com,"10,000+ employees",Semiconductors,1965
906,Verily Careers,www.verily.com,201 to 500 employees,Medical Device,2015
907,K2 Careers,www.k2.com,"501 to 1,000 employees",Computer Software,2000
908,Sysco Careers,www.sysco.com,"10,000+ employees",Food & Beverages,1970
909,BankFolio Careers,bankfolio.app,1 to 50 employees,Financial Services,2020
910,LiveStories Careers,www.livestories.com,1 to 50 employees,Information Services,2013
911,R.R. Donnelley Careers,www.rrdonnelley.com,"10,000+ employees",Marketing & Advertising,1864
912,Innovative Systems Careers,www.innovativesys.com,201 to 500 employees,Information Technology & Services,1991
913,Lifespan Careers,www.lifespan.org,"10,000+ employees",Hospital & Health Care,1994
914,Fractal Careers,www.fractal.ai,"1,001 to 5,000 employees",Management Consulting,2000
915,SVXR Careers,www.svxr.com,1 to 50 employees,Semiconductors,2012
916,MedeAnalytics Careers,medeanalytics.com,201 to 500 employees,Computer Software,1994
917,Progressive Leasing Careers,www.progleasing.com,"1,001 to 5,000 employees",Financial Services,1999
918,Clear C2 Careers,www.clearc2.com,51 to 200 employees,Computer Software,1993
919,MGM Careers,www.mgm.com,201 to 500 employees,Entertainment,1924
920,Charlotte Tilbury Beauty Careers,www.charlottetilbury.com,"501 to 1,000 employees",Cosmetics,2013
921,INDUSTRY Careers,www.industrypdx.com,1 to 50 employees,Design,2011
922,Circle Careers,www.circle.com,51 to 200 employees,Financial Services,2013
923,Duolingo Careers,www.duolingo.com,201 to 500 employees,Internet,2011
924,Vinovest Careers,www.vinovest.co,1 to 50 employees,Internet,2019
925,PATH Careers,www.path.org,"1,001 to 5,000 employees",Medical Device,1977
926,Microdesk Careers,www.microdesk.com,201 to 500 employees,Computer Software,1994
927,Veritis Careers,www.veritis.com,51 to 200 employees,Information Technology & Services,2004
928,Global Equipment Services Careers,www.geservs.com,51 to 200 employees,Semiconductors,2006
929,Ripple Careers,www.ripple.com,201 to 500 employees,Financial Services,2012
930,TDI Careers,www.tditek.com,51 to 200 employees,Defense & Space,1988
931,Checkbook Careers,www.checkbook.io,1 to 50 employees,Financial Services,2015
932,Continental Electrical Construction Careers,www.cecco.com,"501 to 1,000 employees",Electrical & Electronic Manufacturing,1912
933,Center for Creative Leadership Careers,www.ccl.org,"501 to 1,000 employees",Human Resources,1970
934,Mercado Libre Careers,www.mercadolibre.com.mx,"10,000+ employees",Internet,1999
935,Stellium Careers,www.stellium.com,51 to 200 employees,Management Consulting,2012
936,Auris Health Careers,www.aurishealth.com,"501 to 1,000 employees",Medical Device,2007
937,JDA Software Careers,www.blueyonder.com,"5,001 to 10,000 employees",Computer Software,1985
938,Health First Careers,www.hf.org,"5,001 to 10,000 employees",Hospital & Health Care,1995
939,AlphaSights Careers,www.alphasights.com,"1,001 to 5,000 employees",Information Services,2008
940,Warner Bros. Entertainment Careers,www.warnerbros.com,"10,000+ employees",Broadcast & Online Media,1923
941,Abiomed Careers,www.abiomed.com,"1,001 to 5,000 employees",Medical Device,1981
942,System Soft Technologies Careers,sstech.us,"501 to 1,000 employees",Information Technology & Services,1999
943,Anthem Careers,www.antheminc.com,"10,000+ employees",Financial Services,2004
944,Ad Hoc LLC Careers,adhoc.team,201 to 500 employees,Computer Software,2014
945,BETSOL Careers,www.betsol.com,"501 to 1,000 employees",Information Technology & Services,2002
